id,url,answer,difficulty
1,https://images.pexels.com/photos/145939/pexels-photo-145939.jpeg,cat,3
2,https://images.pexels.com/photos/46024/pexels-photo-46024.jpeg,dog,4
3,https://images.pexels.com/photos/247502/pexels-photo-247502.jpeg,lion,3
4,https://images.pexels.com/photos/247431/pexels-photo-247431.jpeg,elephant,4
5,https://images.pexels.com/photos/133459/pexels-photo-133459.jpeg,lemur,5
6,https://images.pexels.com/photos/1996333/pexels-photo-1996333.jpeg,horse,3
7,https://images.pexels.com/photos/128756/pexels-photo-128756.jpeg,clownfish,4
8,https://images.pexels.com/photos/1661179/pexels-photo-1661179.jpeg,butterfly,5
9,https://images.pexels.com/photos/847393/pexels-photo-847393.jpeg,turtle,3
10,https://images.pexels.com/photos/2295744/pexels-photo-2295744.jpeg,fox,4
11,https://images.pexels.com/photos/39632/tiger-portrait-animal.jpg,tiger,5
12,https://images.pexels.com/photos/20787/pexels-photo.jpg,owl,3
13,https://images.pexels.com/photos/66292/pexels-photo-66292.jpeg,panda,4
14,https://images.pexels.com/photos/3013670/pexels-photo-3013670.jpeg,koala,5
15,https://images.pexels.com/photos/248280/pexels-photo-248280.jpeg,zebra,3
16,https://images.pexels.com/photos/162140/bird-nature-animals-wildlife-162140.jpeg,sparrow,4
17,https://images.pexels.com/photos/213399/pexels-photo-213399.jpeg,rabbit,5
18,https://images.pexels.com/photos/87403/pexels-photo-87403.jpeg,deer,3
19,https://images.pexels.com/photos/33045/lion-wild-africa-african.jpg,lioness,4
20,https://images.pexels.com/photos/1205251/pexels-photo-1205251.jpeg,penguin,5
21,https://images.pexels.com/photos/1459395/pexels-photo-1459395.jpeg,seal,3
22,https://images.pexels.com/photos/60023/goat-animal-horn-wildlife-60023.jpeg,goat,4
23,https://images.pexels.com/photos/52500/horse-herd-fog-nature-52500.jpeg,mustang,5
24,https://images.pexels.com/photos/56866/giraffe-animal-savannah-wild-56866.jpeg,giraffe,4
25,https://images.pexels.com/photos/158471/swan-nature-water-white-158471.jpeg,swan,4
26,https://images.pexels.com/photos/2114014/pexels-photo-2114014.jpeg,parakeet,5
27,https://images.pexels.com/photos/301473/pexels-photo-301473.jpeg,eagle,3
28,https://images.pexels.com/photos/219906/pexels-photo-219906.jpeg,caterpillar,4
29,https://images.pexels.com/photos/53125/pexels-photo-53125.jpeg,frog,5
30,https://images.pexels.com/photos/422220/pexels-photo-422220.jpeg,bee,3
31,https://images.pexels.com/photos/210019/pexels-photo-210019.jpeg,car,3
32,https://images.pexels.com/photos/3728105/pexels-photo-3728105.jpeg,bicycle,4
33,https://images.pexels.com/photos/276517/pexels-photo-276517.jpeg,camera,2
34,https://images.pexels.com/photos/1036936/pexels-photo-1036936.jpeg,laptop,3
35,https://images.pexels.com/photos/159298/pexels-photo-159298.jpeg,hammer,5
36,https://images.pexels.com/photos/442587/pexels-photo-442587.jpeg,drone,3
37,https://images.pexels.com/photos/607812/pexels-photo-607812.jpeg,smartphone,4
38,https://images.pexels.com/photos/1194371/pexels-photo-1194371.jpeg,watch,5
39,https://images.pexels.com/photos/374777/pexels-photo-374777.jpeg,headphones,2
40,https://images.pexels.com/photos/164936/pexels-photo-164936.jpeg,guitar,4
41,https://images.pexels.com/photos/21014/pexels-photo.jpg,compass,5
42,https://images.pexels.com/photos/414579/pexels-photo-414579.jpeg,keyboard,3
43,https://images.pexels.com/photos/356056/pexels-photo-356056.jpeg,microscope,5
44,https://images.pexels.com/photos/276452/pexels-photo-276452.jpeg,binoculars,5
45,https://images.pexels.com/photos/60703/pexels-photo-60703.jpeg,calculator,3
46,https://images.pexels.com/photos/163130/truck-vehicle-transportation-traffic-163130.jpeg,truck,4
47,https://images.pexels.com/photos/1108101/pexels-photo-1108101.jpeg,typewriter,5
48,https://images.pexels.com/photos/19670/pexels-photo.jpg,lamp,3
49,https://images.pexels.com/photos/279949/pexels-photo-279949.jpeg,scissors,4
50,https://images.pexels.com/photos/3560561/pexels-photo-3560561.jpeg,stethoscope,5
51,https://images.pexels.com/photos/326957/pexels-photo-326957.jpeg,helmet,3
52,https://images.pexels.com/photos/921362/pexels-photo-921362.jpeg,wrench,4
53,https://images.pexels.com/photos/301703/pexels-photo-301703.jpeg,screwdriver,5
54,https://images.pexels.com/photos/90946/pexels-photo-90946.jpeg,battery,3
55,https://images.pexels.com/photos/257736/pexels-photo-257736.jpeg,telescope,5
56,https://images.pexels.com/photos/196666/pexels-photo-196666.jpeg,glasses,5
57,https://images.pexels.com/photos/159211/headphones-music-earpads-159211.jpeg,earbuds,3
58,https://images.pexels.com/photos/3560565/pexels-photo-3560565.jpeg,syringe,4
59,https://images.pexels.com/photos/279906/pexels-photo-279906.jpeg,tripod,5
60,https://images.pexels.com/photos/372921/pexels-photo-372921.jpeg,printer,3
61,https://images.pexels.com/photos/531321/pexels-photo-531321.jpeg,mountain,4
62,https://images.pexels.com/photos/206359/pexels-photo-206359.jpeg,forest,5
63,https://images.pexels.com/photos/1567069/pexels-photo-1567069.jpeg,desert,3
64,https://images.pexels.com/photos/3225517/pexels-photo-3225517.jpeg,waterfall,4
65,https://images.pexels.com/photos/457882/pexels-photo-457882.jpeg,beach,4
66,https://images.pexels.com/photos/739407/pexels-photo-739407.jpeg,volcano,4
67,https://images.pexels.com/photos/268570/pexels-photo-268570.jpeg,rainbow,4
68,https://images.pexels.com/photos/814499/pexels-photo-814499.jpeg,flower,4
69,https://images.pexels.com/photos/1118873/pexels-photo-1118873.jpeg,storm,4
70,https://images.pexels.com/photos/302743/pexels-photo-302743.jpeg,snowflake,5
71,https://images.pexels.com/photos/158607/cairn-fog-mystical-background-158607.jpeg,fog,5
72,https://images.pexels.com/photos/462162/pexels-photo-462162.jpeg,glacier,3
73,https://images.pexels.com/photos/443446/pexels-photo-443446.jpeg,canyon,4
74,https://images.pexels.com/photos/206482/pexels-photo-206482.jpeg,lake,5
75,https://images.pexels.com/photos/417173/pexels-photo-417173.jpeg,island,3
76,https://images.pexels.com/photos/158251/wave-sunset-sun-ocean-158251.jpeg,wave,4
77,https://images.pexels.com/photos/46160/field-corn-corn-field-cornfield-46160.jpeg,cornfield,5
78,https://images.pexels.com/photos/33109/fall-autumn-red-season.jpg,maple,3
79,https://images.pexels.com/photos/66898/forest-trees-fog-forest-66898.jpeg,woods,4
80,https://images.pexels.com/photos/459225/pexels-photo-459225.jpeg,aurora,5
81,https://images.pexels.com/photos/36717/sunrise-early-morning-dawn-sky-36717.jpeg,sunrise,3
82,https://images.pexels.com/photos/414171/pexels-photo-414171.jpeg,cliff,4
83,https://images.pexels.com/photos/1586079/pexels-photo-1586079.jpeg,meadow,5
84,https://images.pexels.com/photos/772803/pexels-photo-772803.jpeg,geyser,3
85,https://images.pexels.com/photos/1586071/pexels-photo-1586071.jpeg,lagoon,4
86,https://images.pexels.com/photos/1107717/pexels-photo-1107717.jpeg,lava,5
87,https://images.pexels.com/photos/257360/pexels-photo-257360.jpeg,sand,3
88,https://images.pexels.com/photos/110854/pexels-photo-110854.jpeg,milkyway,4
89,https://images.pexels.com/photos/459335/pexels-photo-459335.jpeg,dunes,5
90,https://images.pexels.com/photos/414171/pexels-photo-414171.jpeg?v=2,crag,3
91,https://images.pexels.com/photos/70497/pexels-photo-70497.jpeg,pizza,3
92,https://images.pexels.com/photos/461198/pexels-photo-461198.jpeg,burger,5
93,https://images.pexels.com/photos/1640777/pexels-photo-1640777.jpeg,salad,3
94,https://images.pexels.com/photos/414262/pexels-photo-414262.jpeg,coffee,4
95,https://images.pexels.com/photos/102104/pexels-photo-102104.jpeg,apple,4
96,https://images.pexels.com/photos/357756/pexels-photo-357756.jpeg,sushi,3
97,https://images.pexels.com/photos/376464/pexels-photo-376464.jpeg,pancakes,4
98,https://images.pexels.com/photos/461430/pexels-photo-461430.jpeg,icecream,5
99,https://images.pexels.com/photos/675951/pexels-photo-675951.jpeg,steak,3
100,https://images.pexels.com/photos/775021/pexels-photo-775021.jpeg,smoothie,4
101,https://images.pexels.com/photos/327158/pexels-photo-327158.jpeg,croissant,5
102,https://images.pexels.com/photos/434295/pexels-photo-434295.jpeg,pasta,3
103,https://images.pexels.com/photos/2097090/pexels-photo-2097090.jpeg,tacos,4
104,https://images.pexels.com/photos/20787/pexels-photo.jpg?v=2,berries,5
105,https://images.pexels.com/photos/2338407/pexels-photo-2338407.jpeg,cupcake,3
106,https://images.pexels.com/photos/236781/pexels-photo-236781.jpeg,donuts,4
107,https://images.pexels.com/photos/372882/pexels-photo-372882.jpeg,sandwich,5
108,https://images.pexels.com/photos/1157638/pexels-photo-1157638.jpeg,noodles,3
109,https://images.pexels.com/photos/1893555/pexels-photo-1893555.jpeg,avocado,4
110,https://images.pexels.com/photos/410648/pexels-photo-410648.jpeg,tea,5
111,https://images.pexels.com/photos/248444/pexels-photo-248444.jpeg,cookie,2
112,https://images.pexels.com/photos/1435895/pexels-photo-1435895.jpeg,muffin,4
113,https://images.pexels.com/photos/221143/pexels-photo-221143.jpeg,grapes,5
114,https://images.pexels.com/photos/302680/pexels-photo-302680.jpeg,orange,3
115,https://images.pexels.com/photos/327098/pexels-photo-327098.jpeg,chocolate,4
116,https://images.pexels.com/photos/1346347/pexels-photo-1346347.jpeg,bagel,5
117,https://images.pexels.com/photos/775031/pexels-photo-775031.jpeg,milkshake,3
118,https://images.pexels.com/photos/3688/food-france-morning-breakfast.jpg,jam,4
119,https://images.pexels.com/photos/405173/pexels-photo-405173.jpeg,cheese,5
120,https://images.pexels.com/photos/257816/pexels-photo-257816.jpeg,wineglass,3
121,https://images.pexels.com/photos/338515/pexels-photo-338515.jpeg,eiffel,4
122,https://images.pexels.com/photos/460672/pexels-photo-460672.jpeg,colosseum,5
123,https://images.pexels.com/photos/338504/pexels-photo-338504.jpeg,tajmahal,3
124,https://images.pexels.com/photos/161931/venice-italy-grand-canal-water-161931.jpeg,venice,4
125,https://images.pexels.com/photos/466685/pexels-photo-466685.jpeg,skyline,5
126,https://images.pexels.com/photos/2193300/pexels-photo-2193300.jpeg,opera,3
127,https://images.pexels.com/photos/71241/pexels-photo-71241.jpeg,pyramids,5
128,https://images.pexels.com/photos/158609/temple-siam-old-sukhothai-158609.jpeg,temple,5
129,https://images.pexels.com/photos/417362/pexels-photo-417362.jpeg,castle,2
130,https://images.pexels.com/photos/189349/pexels-photo-189349.jpeg,lighthouse,4
131,https://images.pexels.com/photos/356830/pexels-photo-356830.jpeg,mosque,5
132,https://images.pexels.com/photos/323780/pexels-photo-323780.jpeg,pagoda,3
133,https://images.pexels.com/photos/46274/pexels-photo-46274.jpeg,bridge,4
134,https://images.pexels.com/photos/1552/italian-landmark-italy-rome.jpg,ruins,5
135,https://images.pexels.com/photos/681335/pexels-photo-681335.jpeg,cathedral,3
136,https://images.pexels.com/photos/349377/pexels-photo-349377.jpeg,stadium,4
137,https://images.pexels.com/photos/1049302/pexels-photo-1049302.jpeg,harbor,5
138,https://images.pexels.com/photos/415708/pexels-photo-415708.jpeg,pier,3
139,https://images.pexels.com/photos/2387864/pexels-photo-2387864.jpeg,square,4
140,https://images.pexels.com/photos/1285625/pexels-photo-1285625.jpeg,fortress,5
141,https://images.pexels.com/photos/1486222/pexels-photo-1486222.jpeg,arch,3
142,https://images.pexels.com/photos/460736/pexels-photo-460736.jpeg,chapel,4
143,https://images.pexels.com/photos/221457/pexels-photo-221457.jpeg,monastery,5
144,https://images.pexels.com/photos/1591447/pexels-photo-1591447.jpeg,plaza,3
145,https://images.pexels.com/photos/1642125/pexels-photo-1642125.jpeg,canal,4
146,https://images.pexels.com/photos/221471/pexels-photo-221471.jpeg,lobby,5
147,https://images.pexels.com/photos/261187/pexels-photo-261187.jpeg,palace,3
148,https://images.pexels.com/photos/602243/pexels-photo-602243.jpeg,hut,4
149,https://images.pexels.com/photos/416024/pexels-photo-416024.jpeg,tower,5
150,https://images.pexels.com/photos/210115/pexels-photo-210115.jpeg,gate,3
